"type","value","source"
"hash_sha256","00046B70582CC6D63D610D5AD6F586AB5F0147DCA92516F7D7960EF694B066FA","public"
"hash_sha256","0011231F2135DDAD799A9B90927828A73CF3838AC1D19BEF7F4B5D773B21ABC8","public"
"hash_sha256","00295A333BD5AC5283C80C1B3E27AFD48A812E822E367688C02DA601022F5FA7","public"
"hash_sha256","00CDBB572FA84ABFDD3433D7D9008744D036DAAF15068476273F2D6832DD68AE","public"
"hash_sha256","018F9BA428F4E3360BB6EE7C42F5F475BDA12AE71A430D603A4A5E8EA94FDCF9","public"
"hash_sha256","01B6EBB8BB982A220E54103A46BD575D6521BBFE1ECC9EC3FB4F60F9228109CF","public"
"hash_sha256","01D0554C9ABF05A2ACB3E69323E4BC9963FA220B9162B47E3DFEE556BC76D69B","public"
"hash_sha256","01EA56316618D650F82E77BD34365AAFB1550A3E93CCA53624A3CEC9EB82E98C","public"
"hash_sha256","0297305B3FF79196E6BE6469268D5432A94318C545292236BD36AB8C8904365F","public"
"hash_sha256","03A4248DDEC6D546100BF1F73D7EBA86752C4C696F3B6B734912ACAFC6AA271C","public"
"hash_sha256","03BB3C48F6BCE85881D81542F5BFF2169F619C639976670A6DF974A5F085EBF6","public"
"hash_sha256","04890722E2103F5F7C2A0848B2E54834C0D833DF75D7E34D6220CA5E9D41F358","public"
"hash_sha256","074863754E51DE349900410B6CE6DA95336E8906A95E3121A910ED83323B44C0","public"
"hash_sha256","09454061829366F6C2C69125AE016D3341613882D71B44B35975F78DE7BEC0BD","public"
"hash_sha256","09BB792336C46B6D986C90F1AB8635060C4A21720177ABC98128676C8184D227","public"
"hash_sha256","0A93EA955014A11EFFA7150E929B2DDF60CE12E36444B7168D6108653E5D455C","public"
"hash_sha256","0BE54B6B543516D4E4D1290535B67FA4BED452A7BF32BE387E034A4416C22AEB","public"
"hash_sha256","0C71572A6F7AAFB1820A14C33277823B73445365F6CF67DF79ABA442CACE9C01","public"
"hash_sha256","0CA61E6D42D1EB0EF0FB7911DE396136AB02B041277FD7542679F42294FAB84F","public"
"hash_sha256","0DE89F8C0F2D50FF3546D9E8647A3A1FE3AF97EB216F9B6F5D9F517581C319DD","public"
"hash_sha256","0E1E500FEBD725CE0617E37C8AEE2CF226FE5F5FF4F0F07AD627BC45CF9A4C81","public"
"hash_sha256","0E360BDDBB23BEE57BF9B334001C7A380C1113F662B4AB9F28649717DA43968E","public"
"hash_sha256","1129E48457D7C6B89437E95F147F063DB87CAD7C2142A433DA4D80915E5BEDD5","public"
"hash_sha256","11DC3F1AA95F9F6948F614080E9F372783D2AD9004A932DC2182C39A26D1E7CF","public"
"hash_sha256","11DDA44F269DB0C08E69EBA915DBAA4917AC55C7651700B3079108D5ED1851F2","public"
"hash_sha256","1257561EEF99F14114F9884A1F51F4A2CBDCB39EEEB0F2C1CCA0959F1A686408","public"
"hash_sha256","146CEE8576652CF667AA38368F8CE189EA4062A6260C43A895FA91AC657475F9","public"
"hash_sha256","14C0A2D9B43AF10FEB8BE8B8ADC3CF544D68CE051C5B806C251AD9B0C94B7F46","public"
"hash_sha256","1513D4565D01CFFE478A89763048584176D939B0FBD69EC6C09E87152E37126C","public"
"hash_sha256","161FAF3F6ECD3CBBA078B381088ABE384D648D26C5000315034EE67DC3C88D1A","public"
"hash_sha256","16567D52BEC453B715B2425730AC6BF5C1E8DBD1744B3DF972B082079578D299","public"
"hash_sha256","16E3065C3B73C8AADDC7E1CDECD0BD09E86966D654BE71E3EDB517F4122F595D","public"
"hash_sha256","16EB5D2DE4ED49A6A7D47C991CD4A9E42FB083C3D96BBFBCF8EB7AD5550D4BFD","public"
"hash_sha256","1803D2573BFE7FA865760C6C7517961C6882963E511245C2DBE03C1A36A92671","public"
"hash_sha256","1A03A0B52B1E29EC7EDBB41366FFAA9F100C919BF133DDEA8707B64D2C96647C","public"
"hash_sha256","1A5F0CEE23F7D3D165E40D842210BBD122C4546E8B8415C169FA0D9B1E74001F","public"
"hash_sha256","1A7694255A65CF4505042E5564E21FE827350D2472574B76BC20BEF0D935C601","public"
"hash_sha256","1B7B26BB84B49EDED3CD94B70B823F4E352CD87797F41BCBF26280E350C87E92","public"
"hash_sha256","1BC03D1510EF7C72D3880B09BBE1F593D843D7E4A4B40F267F08CE7110404BC9","public"
"hash_sha256","1CB553DD4AAB5FC87C287582C0F48953F7CFFF21EEDC8339E210FA5EE4CD31F8","public"
"hash_sha256","1EA05FB603CA2E7CAD098FBB326D2DDB047F0673B9A935787803075BEB6E57A5","public"
"hash_sha256","1F026DCCE14A0CEDF62AAD12F2CDA15CC0B03E78439ECE4E659A26D36C63BC0E","public"
"hash_sha256","1F4150DF3E93523DFDACF543FFCD1AB0870729AE5E9FB251BCDD715EB1EAE671","public"
"hash_sha256","1FBB83BF83711F42B6802CD1586FAB5F3F08610929FA904F9388B4D7F643EAB7","public"
"hash_sha256","1FE4F0214D1152E0843936DD108EAC5013520776197652656F32ECE3F65EBE76","public"
"hash_sha256","205C75F83CB25999920CF9375D946D2C2E6D26950B651589BB77EB7A91F73C09","public"
"hash_sha256","20D5BFDBEE7C05DAA633293849480E9F51B236A60AC6EFF9C2F53BD84EFF4C5E","public"
"hash_sha256","210A07A5A1E740250467E43F789464E52258CA55C18DC8002E5470495A470FD4","public"
"hash_sha256","21D7C737056CE2AD186A02503E377D7E7BE5D1C8FB5325CC35DE311176F7AB95","public"
"hash_sha256","21EB42C91CD879136345BAC65C25B744304F24A380DACB916A05C5BF64A6B8FF","public"
"hash_sha256","2297A2EC8047F34F7B7E2FA11A7256D9354876E36983EB5D73711EDE73E8329D","public"
"hash_sha256","22B2A50BF663D3445857C01A83CBF9140837242A1085A9AF4523821BF297FD1C","public"
"hash_sha256","2301BB9300A4CAC0E8036796A8715C494308789FA69E216B73CBEDE0D143F1E0","public"
"hash_sha256","252977D8ABCBF3B186463F304EC2BBE1F4380C99D7BB0EFE59CF006B051763B0","public"
"hash_sha256","256CA174F294E92FFDD427263E86EADBF92456F0A76BD776BDAA08A92822D7D1","public"
"hash_sha256","272874AE0524ABFEF490BBBAAB334139CB16B7AFD796B4CFA17E2D2CD412FFA1","public"
"hash_sha256","273060D2154E4FD25E4CB4947203C587524B6B07D0D40334251C468153BA5F5C","public"
"hash_sha256","29C1F622B053364D3CF7E1143DF83621459C4FA4FA2A0E3F36B32ED45EE8792C","public"
"hash_sha256","2A292B37C7DBC2155734FAF9F759B0A58D120E79A117F255EE09120E6ECDC046","public"
"hash_sha256","2A682DB9A0B0453D6C4D80CFF251E5526B9E2D0C396A76403D13532CFEC7C2A6","public"
"hash_sha256","2A76AEC3556854120A57802DBFD5380CEAC891A417B5DDE35993E47566C86648","public"
"hash_sha256","2A91F82CBCABBA7C972B27D7D08C3A3DD4F7F8973BB30071B159863CEFDC2848","public"
"hash_sha256","2B24E77A59B1AA5FD1E1058CA994BB300E2A255E659291ADE7BF7705C21657B9","public"
"hash_sha256","2B6E6D9BF4A17D6B5A4B72829A2CB111A91FDD171C486A1D4281FD7575E23807","public"
"hash_sha256","2BACBC11D7E27C2C433230BFAF4069D33E169074F760634B5C3378A085264798","public"
"hash_sha256","2C7BABE9723A30EA350D16D10AEF0DC9DA74038F1C021E824A4CD631CEEBD7F5","public"
"hash_sha256","2CD12868BAE9B6E45B2AC5FDCBD8B7DCE4BFC9652DCCF198522E71753E359EF3","public"
"hash_sha256","2D8BCF9390E2FEAF0C2D302E86D19592B7AA4EEAF6B370C44860095C1CFC9209","public"
"hash_sha256","2EC16534D0649B41837962AF3B2066231852E0BBDA6252CD240FE8F49249F98C","public"
"hash_sha256","2F209AE5A8BD65C3BE57DE837B5D389456B911FEE1372A3C1D13045CF007322C","public"
"hash_sha256","2FA2F76A9FC816A258BA117FA3153D6082B53EBBDDFD97AF5B79703243302ECD","public"
"hash_sha256","303DA006AE9987D9593D1C03D3FB115B3BBA8369D3B2596B71AF36053A4DEA16","public"
"hash_sha256","318C526347BAAFAD4861A795CF22D81F0A8625C6CAF3A4A8A1694CA3E18EA463","public"
"hash_sha256","32069D6CA73967EDA46F510F9FF2107BD9269DEE006DC34892B7A5BA67B173AF","public"
"hash_sha256","3214F70B51882C3FE327E1383FC160D6B33DB38F1E272CC5355C0D8673D73A5D","public"
"hash_sha256","328938C32FE678C8EE122191629BBA73139428E8B34FAD03C0F2945D5D28D67E","public"
"hash_sha256","32A6EF72E56B6410BD6AC97CF82F2B569EC6B60CC5A82D4F214010A15DB206B0","public"
"hash_sha256","32F070E63B215E606F7F936B54C39D62AFA40B5262CF0A8BF6A0DC793AB59871","public"
"hash_sha256","335CCEDE1A1252D529E3661765F4D8A11A3C3DF79271D71C841A5EE3C1D0FBB1","public"
"hash_sha256","33B5B2C46045DD0338E6EEAD56D7A847F8404869AE68149F2C59A2EFD58AE23A","public"
"hash_sha256","3487CB4CEC8A4B45B8F479A36477DFBE752C4EE6F669DE662531F18160A8B0FD","public"
"hash_sha256","34BBC2E4797B055613785789B70683DA53B14D18635C69F5BBFEB1DC22685841","public"
"hash_sha256","350F8CF0A47EB0DBA55A1523EA39B822E6C754E32EC3A908C39817683AED57DE","public"
"hash_sha256","366D7371A3D13D2696BA1D5AA09712DF7635CE484484B18708E42CB9E6AF1249","public"
"hash_sha256","370DA594E0E6EE2C47F32A9B1EED6784C13C14611CF50C95B9E90AFFD8BEF9BB","public"
"hash_sha256","3716D4EFDE16DBD5851351D313D3AE9662F98FA86DFB86ED841952CE111A89AC","public"
"hash_sha256","373F1F516F775565BA665D8A9A7A504F97DC9BFD63BAD648F4B2C4A4EF330AF7","public"
"hash_sha256","377B71B0474DE36BB199E77247C52AB5FD2C2ED48A8834AC36FC139C2ACE11A9","public"
"hash_sha256","38185640FDCFFA4E9441C63D6DEB441DD641F92F3533963114F76D4634070C7D","public"
"hash_sha256","3836E52C70C537B4AB5C4E3224BBE5B9B100C69A66D4ADDA4484347CFF01A4DE","public"
"hash_sha256","3882AC1D121171CE69E9F6FCF052C2B178B540E84D8ACD13468CE6745303660F","public"
"hash_sha256","38C853DE6F5CD302B8D676FCFA0B7A4B0220FE471FFEA4A653FF8F20E7834043","public"
"hash_sha256","3954F11589D2CFC181D2D7E4735AAB0D07894BA8ECC92D5857FCC19E14B6857F","public"
"hash_sha256","3A038F4AD702A70AE7C5149047880D5D97B397545CAD7CFDC089ECACF43CB00E","public"
"hash_sha256","3ACD29B02AE0BDB8F6E1A7CFB5224250FC16FC62E34F8DF57A2110E98DC4D07C","public"
"hash_sha256","3AD854173CBF87556E713350E4BA3679F995E225FFEA18D2F4059B8928EEC2EB","public"
"hash_sha256","3AEFBC8101E56F654390922AF31C180E89165A86DB1232775534CED90ED8F6D4","public"
"hash_sha256","3BE449E0DAC36B443AE002E80A70263580DFE61BCFA8961B55530B5FCB1BAC6B","public"
"hash_sha256","3C528162C6AC86B01A6386C54E204DCB880D25F69E1848A62B17742792E2191C","public"
"hash_sha256","3D811489298FBD55B72D6B1FB9692E78BE0BDB2ACB46399B4FD79BE7C84B8F3B","public"
"hash_sha256","3E3FD2C7733351A65B615FD70F7F04DFF7CE6CB5F2512B6306916D97CAC5D4C8","public"
"hash_sha256","3EAF7ABB926EB149006B6B60AE5F731344655150C6D096C1B01F4822870669A7","public"
"hash_sha256","3EFEBC06E739A4F3AFECCB11C328E04DB70877EAE34D4B14ED55D7E7A71E64BE","public"
"hash_sha256","3FFCF8352FD1EEBA6B34F9782281322987BE2B3A3E9B2F0671953ABE93FB1BF4","public"
"hash_sha256","420B2CBC384EE7276AAF3E16ED3620FECBBF6004738593A42F1F7AA71D8AD437","public"
"hash_sha256","42701BDCEFB8FA0587DAEE45DE7B7B41B14CF2AD820B6A4D8318F6ECC5A7E6C9","public"
"hash_sha256","42AB097E9BC10914AC44AF94087EC6D5DF67E64E749C01A62734769362DDFD3E","public"
"hash_sha256","43FB1BAAB7BD08DB155F2BB2723FFE56386C70E2C1F20607759CA9B69555BF7E","public"
"hash_sha256","44620E7F18438ABEEDEED080177C91CB1A23F4472813BB2022C5D388287CA07C","public"
"hash_sha256","467AEB392B8BD6A88007096AEF2F45E526EB45DB73673426C8888C315A4171A8","public"
"hash_sha256","48FBADB63E7CDBA09254C05C265DF3AB7E5FC27011C62FA31775D8EEAAFD8DDB","public"
"hash_sha256","494966B3CD8C459BE0E684FE8F7500BDF8D68E3DDB4F9B83CBAAD95A03B8A851","public"
"hash_sha256","49734BD9177F533DF9ABD71005D4D5AE4156647DD577BEE87C837BB073B578E6","public"
"hash_sha256","4B7177C98DBF57DB2AEA186EEC4CA3D4683E18473B3C9A2A31FBF9368987AB3D","public"
"hash_sha256","4C6DB348A778CCB37213B57969A8CA7FA3FCB8AF66438750633328F829331476","public"
"hash_sha256","4C92C70DDBC86C1A08D23C2DA917F0FFD53B88E7011EB7AB55625478A4894BFD","public"
"hash_sha256","4D16C25E118AA714060FE4B8308EEA8E3CAE305FB2B76E39CD7D69012A7F1CBB","public"
"hash_sha256","4D63660FF7E3FD4391F10188C8CECC212A75583482CE15DEFF245F70F35DAE3B","public"
"hash_sha256","4F0F24AF7D07A9F48279CC20CDE2FD88E8372C1BABA153C744C44BBBC1ED1292","public"
"hash_sha256","4FDF5925A647385763F2B4B56271DA232CDFA6B158574366693DF094FF33BBAF","public"
"hash_sha256","50AC6BA1935E01F86E3ECE96A04F5B54DFEA850CC67940B6DB344846961EB693","public"
"hash_sha256","512861E37D0F7D1967D063A1433AD144EE81557811F226F87C5CA8CAD0814DBF","public"
"hash_sha256","51551DB7074E1FCC3FBC0164505B59A1020716EE9FB15DE9875C61DD6539781C","public"
"hash_sha256","51C0E0F12EC37B782756BDA5B83383DE37DFDB3D10D0CA6EFFDD485CD587ADA7","public"
"hash_sha256","51C1A1D62F83A4CA05A34F5A0F39E5014BD99603765952BF0CCCDF25D8D73DA8","public"
"hash_sha256","55A14853A3F318C1ED5C219191F7AC00968F3F2C13A9D5BDE0FA75D48E754230","public"
"hash_sha256","563D9A353A005A50F1EE445E4C440F2A6E65393D444C0AF2538D03687A3F207A","public"
"hash_sha256","57A79A82E8F0C3525E7DBFFCC83FE552A4BD2A50CB67035D00D3295957D701D0","public"
"hash_sha256","585C73F71F62DD85ED705C9958E76164BC600C31914F4E3AF89BF5F2BF91EB6B","public"
"hash_sha256","58661804EAAE6FEC56FBD48D207F3B153F297445DCBD396D8CC8670CF3CC2503","public"
"hash_sha256","588C3205DF52FDFE2DF51B21AB729D7459EE0DED4B0D93705981468043DDA2BB","public"
"hash_sha256","589C290430CC4B2A9BD0F17DC39147CBD6AB007F97FD9096C0800073218AFA8E","public"
"hash_sha256","597B33372360532B6D486B302238032D84CD97CBE0811302F0FF45A8F7DDFBF0","public"
"hash_sha256","59C791B3C30D94A013C87B7ADEDD9DF7BC532E3797BFF868AF7D7F7C1C7455A3","public"
"hash_sha256","59DD5DFD50B02F853EE56D713E3A4C9AC41980CBE517FA31E8F711C79DCC562B","public"
"hash_sha256","5A8169FCB33998C807CF754EF7B5FCBD347CC71C513E6BBA68947DA63C964CF8","public"
"hash_sha256","5AEC3CCE46B0663B4928149A35B31513131D88EA6A95B4BB73EAE68BA71EDDC6","public"
"hash_sha256","5B8A21C7366C1745AB0C9AE1F276EE1B352D67AF85D533EC4A0F352F5149549B","public"
"hash_sha256","5BED27A3F195A0E4811BAFFA2EAA91D8660D32DBA6AF87A93D674F7837F010D2","public"
"hash_sha256","5C3B1A14B8F04F73C93A5CD27531DD0E536BD78AD81BACB4BF999EDA5256F8E3","public"
"hash_sha256","5D35003E6CCE3A4211F549C89C2A31EC33A02BDCA4B5E59F488E7414DD64708B","public"
"hash_sha256","5E4D2DBFC97F330505269EFB0C1ACA615C9D8FD89E304BC81A38CE7DC982DCC9","public"
"hash_sha256","5F5ED555396B708FC790029A6D9BBCBE139DFABD7EF78E78B3A5E1A7D04E032A","public"
"hash_sha256","610DF94D2BEE5E643CA50A3909AF600D17C9E974888BCAAB68B4B12BF92C8D96","public"
"hash_sha256","613AAB4E1D2180C2822D9C16B58489F681D9D9BA0D37EF98BBAE8B41E3B68407","public"
"hash_sha256","61DABDC998822BF2905E2772758C354FBE9E904452B8C076439C201845307787","public"
"hash_sha256","61F7C5EEEAA94A214F7E6D6B937AA3865C4DCC350E1F5114E02B40FC821B39F0","public"
"hash_sha256","62013F48B0AE8782F3820EFCEC5CE772BD5B69B60BDD2D8236FD2244E3B6BB40","public"
"hash_sha256","6204F64ADDFEDD386671D4F5222247E42901D3B8502930EEC1BAB4359A41BF9A","public"
"hash_sha256","620D2BAB7E2FB5F328B7F85E2E22460F3D53881842D6F35037380428ED17B78F","public"
"hash_sha256","63CBA0C0C9D9A2C1C3EE691FEE933E0C756705E5E18DA296ACD5AA3C82B74D46","public"
"hash_sha256","63CBE9686251073CD5CAABBAD57A3CB840D6B846BD40319440562628D27AD5AF","public"
"hash_sha256","648F133FB051ECCE77101F87485B1934364CC1D30D87AAC1FF08681B547414FE","public"
"hash_sha256","64A9583861B35B0413770F9884854D8FDEB666E0CA76D32C473170006DAEEEA7","public"
"hash_sha256","65623831F0CCCCB9533C14666371513FF11F07919C64C73D417137B6F25718C2","public"
"hash_sha256","679D2E9B1D560678B6DC01D8FF004C7F805BDE2AEC007E56403DE39E5C1B57FF","public"
"hash_sha256","6A021CAE6FABE71474D3FA95C65A019B6B4212FB1EA17A8C75C53B276943E887","public"
"hash_sha256","6A642888D5CF81709B2FEC4C116DFC0C9173C98C564516F2B79FD4E97B8D6D3E","public"
"hash_sha256","6AB1D8A51576057DF1BE3E86CFFC3DBD3B4FA50AF292B518D58F3CA2A76CC158","public"
"hash_sha256","6B69E695F7F9582C0E76206CEFF076162C796AA0AAAD37465AF71F679A2D03EE","public"
"hash_sha256","6D89AD8E4E467B290B6B79E14A87ACA78835BCBDA294A25E3BAFD1CB0734951D","public"
"hash_sha256","6DCE2F972E06A4EE1CB23C36661C1EC0AE9FA7C3FD555DE672FCD2D8FA0291FB","public"
"hash_sha256","6E21170D6E5573ABEB02CE207F1B9E94B604436046CDB04A6BF1FB0CB7362CF2","public"
"hash_sha256","6E7A7EE86782E74C743D7798CB2ED12D91CCE1CEACB880B4BADC572449FD8417","public"
"hash_sha256","6ED6D23B619A20E703BED6BC62D086BA4F90072A351CA934B81A121FDC5508BB","public"
"hash_sha256","6F630D29FC60C0C4E0E111DDE2DAF08583544791C7F7AA9A7E4D4784D37C04A2","public"
"hash_sha256","6FFAD8158863B3A2532F62F7BBA1CBDB4ECDA5D5278B6A32F50B8EC8DB7A0DFE","public"
"hash_sha256","71A6659AB843BE01A752CF0A5EAC669E9692E29B7305A98A83B0815A1A1917EE","public"
"hash_sha256","7468E164FAC9FDBA6601B56B17F56FD6B93DAEB873990CDCFEDF3D06A9BC380D","public"
"hash_sha256","74855BDAA5B7428BC42114B347F98500BFC1C7B3A84014524709F5C855E0C984","public"
"hash_sha256","7492CCAF86C2612685D423B76FD9F579514E33E06A496B5A69B2CE8F675D0483","public"
"hash_sha256","753627D4AB229C1A3069D4E7016C9A5C0F638BC1B20D5F1B72B60114CEADB43F","public"
"hash_sha256","753CAC32ECC10D0D0B498F65193510D34BC5589D9AD84A3102AB49AF1526E536","public"
"hash_sha256","75BDF61A7B2F8E0A5D8C19A9444FC28C4B6A622C284DBA09ECC4A12FE3ADD107","public"
"hash_sha256","76F6D95A83F1B9C7D485EF581F5164325234EE50B0E1B16CEF18E1924FFE66AC","public"
"hash_sha256","778029DDE28EF075037A3E6B9CC85ECCB70F7700B84D4E4C3368B2F294EA1B5F","public"
"hash_sha256","787B386FD423B24A11F06ED25D82E58B18DB343EE0E059C4205F326CC6D1AA5A","public"
"hash_sha256","7970955623E8742D16ADAF4BC6F8F1962800810021EA3340DF20F7CCA03CEAAF","public"
"hash_sha256","7B5AAA3210250B64519A6ABE743974E3B671AAA7ED8E59EED108E6A94ED89209","public"
"hash_sha256","7BB17FC806791ABC7A691919E62E928BFA021E0B7F263E40806154B1CD88DEF2","public"
"hash_sha256","7C079E241EBB5B6198B1FC54A89AE4A3B9926FD539EC30E235A1FA66671F6319","public"
"hash_sha256","7C43C9E0F7CBE8A400ED620EC57325C0F9CB4CAD1F048283D9FE3A0172105956","public"
"hash_sha256","7CF44131AB22E24219003DF98659B9D4FCF16B66F5609896FC7121C6601BA053","public"
"hash_sha256","7DABF3C4CB2BEFD07E687E3125C856813DFF59BA6925E126038E0EE0949CD31C","public"
"hash_sha256","7DF17B4295EDFC159B724113870FC8CC3B657879E4089D98BBFD8147D99A1B69","public"
"hash_sha256","7E12DADCD1CF6E9144014228ECAC80EC73C3CAF3B98EDC0537444C005A96BB3B","public"
"hash_sha256","7EB7B28062EEA423698C42022C3E2D50DC3B258D6A752624D9968B4C4D2B70BB","public"
"hash_sha256","7EF87729588A1BF9B0D92519EB4C5140F9EE64D01EDAF922D0B11BA736D68B9D","public"
"hash_sha256","7F20E1AB53FCA1D1AE078E7FDE6613143A79514B24E371440EB033C960801A04","public"
"hash_sha256","8134402C90056F1711A5D3F3844E6D8C15C2E4A704F9F69413B12988A9E23C30","public"
"hash_sha256","81A67EEC88F811FE40647D400E5A406E3462F7BBD1211B1616F9D0375E2FCB92","public"
"hash_sha256","81C6FD1B725EC61823BE59FB0B41C943836F28718CE6B5598A8C3B4A0FD6FB34","public"
"hash_sha256","8214B0CA4125F101C061FA5F55BB32685D84DEE95783A96328445F40CDEFDB97","public"
"hash_sha256","82E1EEA91EE2D1BE049AE5C8FC5B57B3BEBD93BF16D5630F5A3CEAC9B2403B7B","public"
"hash_sha256","83F90D49F9F95883A9E214155B3DAE7F1BAD3B38DD4E5DDCAE97E5CAC05A1A8F","public"
"hash_sha256","84BB495D076B128B759C4F8B215C3CA8C57841BA5E9FAA8EBC5DC070ADF69B16","public"
"hash_sha256","85418D550CC04086E03113109C641AE919F716883DCD6D3A7DD07F49F3C3B2FE","public"
"hash_sha256","8597AB73CE29B5BAC13E186D0A2F0DEDCB4E141CA9C51FE03E15C8434C4AC92A","public"
"hash_sha256","86425E1DBF9673F67197F6F94D495BDEAAE1FBFFD8F15F20AD5F2ABE50472EA9","public"
"hash_sha256","866FC23368FE8572586417E79CF88191ACC20C4EA51269AD11099B9AD663CF32","public"
"hash_sha256","868AD970E2C4FAEC3C2C0CA6E9CE187FFAF99CD82F3DA046A4BE23E7ADF12E39","public"
"hash_sha256","87291AD4A83A025D890648173CD141B21CC1AE17E5DD2A82C6EBF3C302F6E282","public"
"hash_sha256","877179B407FA67BB27E1FD7EE4F9C1FFB4D9A026E07C26BC94BB9C46922E6909","public"
"hash_sha256","8A5315576D79797D6B1865809F61ABCACBDA1CDD2F37212C99A5CEE34690D1F6","public"
"hash_sha256","8A6F6ABFC924A0CC64BB61E91207B40D03E6B52F633272F63CAD3C0FF78B13AA","public"
"hash_sha256","8C041F1AC5F145955C632E45E7C99174A15F08D40AFD88CD8CB53FEB05DBECE4","public"
"hash_sha256","8C7104B654E3E648BAE99E35FE7FE04D773EF46FE04B34450002250EAD5C9020","public"
"hash_sha256","8D623515C68D931CF698058C24C406504D6AA65FEBFA0894389D83BBCBF84D28","public"
"hash_sha256","8D64DBD462DF3592A44DBB83A460C70CBE3A24C4EA3BF6AEAD91A2133D19BC2F","public"
"hash_sha256","8E4FF9514542F263E0D3CBFABE612E089C380F7EDC80ABD9A49FAF2D7EBE7B3F","public"
"hash_sha256","8E54E0364D92F762CE585269A2BBDDC27E3C62B2C87FB52FBD0DD951CB7BFEFE","public"
"hash_sha256","8F1F95CF9C8C71A8AF5EACC3E8DF0D6BFFB5C415E0F1700138307FD2D7E2CB80","public"
"hash_sha256","8F40A5920F647214261B708EE937210CF2874031C3F8F36971DABC6FDB8D2FE5","public"
"hash_sha256","8F706DE500213827F1D0A1384C5AEC06E0275BFD907FEAD4E02A2E9441772D2D","public"
"hash_sha256","90D1740EE26C94C5D1E5D074C3026686EF40DF3D327232B3163A798458D0258F","public"
"hash_sha256","9156D66B8B1F8CC1D066CD26D87071CAF3EA4B3CB9A415445294B2A91454DEB4","public"
"hash_sha256","91BA3130E2A7CEBA5FB4DE70E967A963601CEAB6351C441DED2A2B9D5162EEC4","public"
"hash_sha256","926ACD16F601C0EE9B7C04917303E677E279E6DDE5264D8F57308083A0F8947F","public"
"hash_sha256","92B50E2DE087F370F26D49F19985F7C4985196FB1434FFF91CA8EEF4142C35FF","public"
"hash_sha256","93E9981C71DDBAFE1437E828D932430F5ABC32F22D35252751D2C582606F90A1","public"
"hash_sha256","946A601B538F646A3FF95A20127C6622843FD5562DBB92F9EBDE53AB698F4686","public"
"hash_sha256","94F431B4EDF49F4A08413235F1F35AFC576F1CD0C27458A05AFE0AC8E9D85057","public"
"hash_sha256","955DBF44E7E724251761F1225F798C35DA9F45474FD5F8869EB46B6F3F1A363D","public"
"hash_sha256","959C12FE9A24CD654172339B3DFCFF7A1CAE5BF93B86C41FEDF967E745E66354","public"
"hash_sha256","95FD538311E547051387D13D68D0CF9DB96518FED74C771815A8C56A70E955FC","public"
"hash_sha256","97D37682CF3D08EFA207D4D6C48F1AD9227B328C4CC209F8CCFF5FDE8BB51017","public"
"hash_sha256","984FFDFFC463FB9AA934BE5A66F2F442F423B7E00B38B2486267FDE3058624A9","public"
"hash_sha256","9920F2C186C940AFE7FB9EFFFF0BC4B63CEE315D6078CFB93C6EFCC849559E58","public"
"hash_sha256","99A5B83903FAE5C4872AC54C588C8A51940C9CA8A77423D17C29A2A7FBAF35C8","public"
"hash_sha256","99F80F96B6CBB6687E431C9BD80500F6B7AC5597CC82997735B9501D309798AA","public"
"hash_sha256","9ACF9AF9C063A256D6BE0244F1D3C5A4F332A64A97144AE62DF094F052874B03","public"
"hash_sha256","9AF43FF03713B23705868D6461D80E29F49504EA74B8356F77A1A518D1002A4C","public"
"hash_sha256","9CDF04074833348918E0B7632F1C84D074905247759A058BDAC3D9A2D21BC4F1","public"
"hash_sha256","9CE96BDFC75021596DC5283D2F649385D45A7D97B74896364B32D1C6BE9A5362","public"
"hash_sha256","9D54DE141F42034128B692DFFCF05AAA9710F1E94051C6E3987E8C5D9FA542DE","public"
"hash_sha256","9EE26EF7E541ABF535C5AC71551BA0E500726295B967A0B1AED8BD33C2F2C675","public"
"hash_sha256","9EED8CEE2CA32C991E55E83AB060C2FF1298126F6CD63C8D2A5A8F8BB79BCF78","public"
"hash_sha256","A0F3D6A20FB9E15A5F990764DF8215745571297E1BE4C09B32C075315EA13E2D","public"
"hash_sha256","A1CB93019F87391093E33376F9B1B5685CD7CD3A501D8AC994682BFFEE156A6E","public"
"hash_sha256","A1CC3E1475A8F11E9309978CA053E4ECFEB1D3928254F8807FD143C7A1A5AC03","public"
"hash_sha256","A27B206A01DAE940ABFA28234727BDE67DED5B150566B46AA5DD8F3BC2FD540D","public"
"hash_sha256","A3464B2503D62CC419E627956B2891E85549097686FCD7B6ACDE16BDC42928D7","public"
"hash_sha256","A38DC34BC22AB1121586178EF8FC44555CBACE0AD43BED25AE8EA4AEBE71F348","public"
"hash_sha256","A3CBE0D0C74EC05EC6FF2024AF08A4F05CB8831C383A1736A6DB97AC963D0F9E","public"
"hash_sha256","A4897215A45EBD64A95AA49129846DAD5564CA840C316D8397AF6C100DF37831","public"
"hash_sha256","A585C2ACCD973D3271ED35FC3AE8CE357DA982456255ADDA072305325F188D73","public"
"hash_sha256","A59B6A04CA0E930A6D0ED338510037877794BF18D686157E3A47EE33365DEA1D","public"
"hash_sha256","A5BE7462B0DBC51AB02D820F90CABFC141867482D036D061FA90ACF08EC488FA","public"
"hash_sha256","A6552F696C4FB3830EFF8B7CD8F7E3DB4D93C0E78E107599E90A92D0B1341DCE","public"
"hash_sha256","A6EF832019918EDE61F05AF2C69258924C614A659884F0E2D58AFB16C639B540","public"
"hash_sha256","A83B89256274492B50C268991A340A936B8850D6A27F5DB407E78538D816639B","public"
"hash_sha256","A849A4C4727713026506FE8AE2276ED9EE95D64039129FF77A906067B23ABBBB","public"
"hash_sha256","A968886ED88D70D5DFF1F4B87BDFD5FF5FD5176C82341975AFC316287966CED0","public"
"hash_sha256","A9C5304835B8BC4FC78258676F88276B21BF3162AC3A32835D37E7F2AB5DF303","public"
"hash_sha256","A9FF556E612635BE0C641720F9703F8FDED801029B8A373AD5B513098500F8C4","public"
"hash_sha256","AB17C0F638162BA2A2C784842DB34F2AFB2B94F44C40B97DEED60EF7675C0F60","public"
"hash_sha256","AD2FEF91C32089427D12E10BAA36C008A3FC46C60EE00CEF4BEC1226F4E7829C","public"
"hash_sha256","AD6A9FA87D5A3523D9AC02C9D0797BA0497428CB592420A7E9448914531E97A7","public"
"hash_sha256","ADB1E34743AA57335B69CAF67CABD04A0E7A79A31EF2FDF2C4EAAB5B4BB3D9F3","public"
"hash_sha256","ADB9E4CD69A09959FF666EC7F6971A8433E8A6C3E176A0E71C9D2A4DA4663AD9","public"
"hash_sha256","AE7F721BE240949B216B057835A7365A0FAAF62E207E8F8FF2F78AB5066E1D45","public"
"hash_sha256","AEFCDDCA509CB836518DBB46D2F8843FF67A9331AD342CC237C1D9044981C2F3","public"
"hash_sha256","B1463AAEF5939B0983764542041CCA54EF3D2106DE214F7B0A3F02328C055252","public"
"hash_sha256","B1C7C94EF9046DA57815E8A10E50BE9D74866096C40EB33E3B80195CF5DBB186","public"
"hash_sha256","B3A30C7F0B50E42233AB7C0223A5D40AE223AB6B17571028C027A6932625E6B3","public"
"hash_sha256","B3E8626E1E1E2CD03130CC02B4965CC8EAB65166544801E2D86956111E86EC52","public"
"hash_sha256","B438356D407913A4DE6F4A059A8F58A9C2AF098879FCA2DA1A8B6BDDA36DE2D0","public"
"hash_sha256","B61C28FA448B71B1536546AB4ED69759BEC92C2028B71107ED2B8EBF90C4632D","public"
"hash_sha256","B8AF2F72083B43D0F1B5B4842423414FF052F40C0051CAA37672CD34C7ED24F2","public"
"hash_sha256","B9094B1B754954AD85C6E5D452D5C3D6FC2213F4524A697351074FEEC5CD9BEC","public"
"hash_sha256","B9847EC4A879C125A0BEFADBD026CDA2DAABDB22ED220660759B4A6A71F41714","public"
"hash_sha256","BA6BB7D2A97182DEC80FD6D068DEE5EA8DA343DD9ECFE8B0F4BF00AF57E5111D","public"
"hash_sha256","BAD586A884EB7B1EDCAFC832A9ECF192E85B084D0E9B77423B9E5494ED7D44E2","public"
"hash_sha256","BB0957D2E63743460C3EAAE8A4CD321ED5925C1D6C056304896E620611F57DDC","public"
"hash_sha256","BBF4C2BA105FD5ABDDCDC1191317C8974FA17EAC2F211B9E3FFCD4842C6C0019","public"
"hash_sha256","BD5C95B107C9D1A7B2DD150332EF97058CC66AD7DAA26FF3AFFDB0615E570286","public"
"hash_sha256","BDF6FF1939A3FA798F16AABA0C94BF79DD41DB9826440F93BC625D89593ADFB9","public"
"hash_sha256","BE63ADCAD3BA879809A69D470CD27336706FFAD3652F31DD63EB5C280CA29049","public"
"hash_sha256","BF02B118415AE463A064ABC8D76DC2B1FABE15E389ED3AB5E4D3F504E10B82F3","public"
"hash_sha256","BF10E19BAACB68314E1F4CD93FEEB53CD5AB9D1802C4419B3F5719269D5246D6","public"
"hash_sha256","BF5FA10C6431472F8BDD781EA559DF721FF6B2D85134E82EECCCC49318F0A3BC","public"
"hash_sha256","BFF1314CA0170E2ACE7C1BD6D141A69D2D3E40403C4AEA6F337465FB2A4148FF","public"
"hash_sha256","C2068D1146E1243EAC4A1B68966B9773CC140B73B9A40B347F3E202DD9056C23","public"
"hash_sha256","C2070CCCC49C0E455BABB44B1EC700D75A633C5DF70173F1ECFE161BA55333BD","public"
"hash_sha256","C337599C7FCAA3BBC007BA34EE61E30CC92DBE0FAF263FEC9A7CAE0C8BED327E","public"
"hash_sha256","C48A6ACC4E3F22AE2D2ED5B14B4FA6A59A87B600B95CC502BE9ED392E19C4D0A","public"
"hash_sha256","C49364B769553E226D2943434D4C326C1326864FB0B19687510B522BA01F2F62","public"
"hash_sha256","C4BEE0F0718338A33FBB2531649710F4C990FC3F47D7A7A57A3E57B23A395359","public"
"hash_sha256","C4D0BA75607CE6ADA69652E6B50C343C22C120B360AFDD25726F0A6E66445FBA","public"
"hash_sha256","C65C1302617F4A9012C79750790B7534FD1DF8BD2B133D9F9534F5203E997161","public"
"hash_sha256","C6F1BD1CFE209F9309531E3AF481AA52AF82F4ED1A48059F37C741E868292740","public"
"hash_sha256","C92A4F8883977F9E1E4193725C14DBA3834AAAA6025F6406956D1472F9EAD4A4","public"
"hash_sha256","C935BCC816489FA94F035ACAED289D979B4189F39845B0A013CCDE94E9F951CB","public"
"hash_sha256","C9B0980CCD512F707B5DE15F3C5B25BB606429E34B84D50F08AB454D9DF716A2","public"
"hash_sha256","CA2C24F4A571157DFE2042C26B087E186CE290643D620955DFDDB176C33C1FF1","public"
"hash_sha256","CABE4A38C29BF253C42C023A7DA257E201E670890EC3F3E6A7A01C26F5AC69D0","public"
"hash_sha256","CCF7923E9E4EAA78B9FE535177DE88D92EDF6ECBA45B8FD7CA03303ECDFD99A6","public"
"hash_sha256","CD029322090077998705E98EC100C4D3727A92DCE5E2D75CF3A98B07F06D7C5C","public"
"hash_sha256","CD5935F6F8DE52C4E729221ECFE89DD0400AEDB2FC29356EAC1F5DAABE5AD4E2","public"
"hash_sha256","CDC5305BDDC4F510017AACA31B448F2B4A17F1863472379C22E3DA2398408F20","public"
"hash_sha256","CDE1137F7875F0BDF6650E20DD3441E7075FA313DCE195D710C812D9BD194D31","public"
"hash_sha256","CDF0A24772265754969711FE6844E123EF050030405943E9FEBA069C265B9B21","public"
"hash_sha256","CE3564D52B7EE26845AF135881F5A86316BA6216309C8DDB3785B45F721EF09D","public"
"hash_sha256","CE4886F45BDE447033E10EEB7EEE1DE48521924916D63B488EF84C1BBC29F9D8","public"
"hash_sha256","D00BC096A147613F3D3F12E3178CCD1FE9256B5F917D89ED3403BC5A96D6C46A","public"
"hash_sha256","D1A6E6512E7A62655DA2AF01DA524E9E207AFAA34F84A9B6BD2D5E8940DF971D","public"
"hash_sha256","D22DE8FC3EE39D4A7EA687965959ACC71D3872900AA55217F200283369B4E72B","public"
"hash_sha256","D2A2F4D0177300F1CC2B99D8740D99E3A634CE1D68E14A4FFB9E18E46B029CA8","public"
"hash_sha256","D2D2377C7A225000CFC9A30C82C2E3882BA0C891CF4280F8FBB5D4FF70DAD18B","public"
"hash_sha256","D3858EADBB52DA25A2D9EDF3B36AFF56A0D0D0229340530F985EAE438483FEF3","public"
"hash_sha256","D401669968D8142867E43F0CD729EB7174E7A614B75C9744242A22C1BEAFE363","public"
"hash_sha256","D48F30A1381962A1A96EEA0F6CDD5F4D30FCE257B82480CF48294C00F3218598","public"
"hash_sha256","D513CDBFC8678EAAF3F6127B0730EC6AD6377F0CE9727311CA2218844E4D9080","public"
"hash_sha256","D5E3FA0A8C3F74785D87D095F457C178ED45936F22A749493786E992EA0CF2EB","public"
"hash_sha256","D5F86C0B94516BF539E08211F13765CF502AFBDE9A91A2DCA5787D921F81B760","public"
"hash_sha256","D950C31A8DB1B4D7632076E7E72494236C7A0105C043499004CC7CA26A99C2C3","public"
"hash_sha256","D9D63AB91C290871C5CFBBA4CA3786337BB1232ED3D3BD1D8C99C16A636D3755","public"
"hash_sha256","DD3B10976A6E2D2AB65EDCCF65A9A06A56DC3F8E9129B252AFC8C3CA8E0742C0","public"
"hash_sha256","DD3B659827D7AB6EF08004F21F194ABF0C1E94FA8A74E7AF1761D0C9BA891EE0","public"
"hash_sha256","DD76A955469A21FC66EDFF6B1D6970361604E4BBC243168469FE166BD808C300","public"
"hash_sha256","DE6908B634BD33CA83409BF7D541B2284EEFC02751E0832982B73C0D449657B0","public"
"hash_sha256","DE6D40EB31A7C3422DD4E4F017F8F6F5AB85DFA3C8EA6F98C04A074C727A3C92","public"
"hash_sha256","DEC8A58C7D929BBAB05258A29A63271463B686E007833C42E723D53C29AADD03","public"
"hash_sha256","DEEEB2F3CEA19A36C216A9571A1142140D72152ED2B1DBB5CA8E2C3A3B9AB0EF","public"
"hash_sha256","DF9E7F620AA5BC0B0AC2BF1177B0947EFF315F2F39A561B8AA536D9ECB011D17","public"
"hash_sha256","DFD0EFB362CDC64BA3630496488D3EA7F7CE85CBF7D01D09D6EA3AC3A7CA8050","public"
"hash_sha256","E168A9E02995352754BBB3B9D09789FD9BCA52AEF4A9832D5B77AF8C27B19177","public"
"hash_sha256","E18B557AF70D870394CA319D2E6227F3737348C140C9D310A40830B9932AEABD","public"
"hash_sha256","E1CD3F07553FF89EBB67D29EEABB6085985941E1A92F87E67E27B9A32894B104","public"
"hash_sha256","E31901C95BB29DF5BE6C517A1BF4D8FF3B2A4D1780C6997B00E073F23211DE56","public"
"hash_sha256","E45C477D5386366925521BFB7A5A3AC6E88A914DC70EAAA40BEFB261FFFA8210","public"
"hash_sha256","E5167F10EA315EB36CD2252618784C227EAA7C23964C1E44CA8FB671B729223C","public"
"hash_sha256","E6006B3F827594D1212F448B603CE49F05EAABAECBC488209BEF659BDCC70A87","public"
"hash_sha256","E607E205E4B78C16233E224B8A1B92489D459206D28CDDE2A867DA6E1625CA75","public"
"hash_sha256","E615C7630AB542D34144C2749DB3E80380F537B6221ECF39DF0F3E1C7C63169D","public"
"hash_sha256","E61FEB9635CBD7EEBFB056FC05C42227977836B721D80FB5BDD06D99FE7B34C3","public"
"hash_sha256","E6D4F4E8C1865818BD48949FA1EFA7D252DF068F318EB802BF081D1B28FDBC6B","public"
"hash_sha256","E797D01FFCA075BA65A61496903E117A2F05F69C76CF85AAA56DC841D3FDA5A6","public"
"hash_sha256","E86DAD49B7971876975561898AADAAE41457B806FEA866F7A4444534526ADF73","public"
"hash_sha256","E8E6BB81BCDEA35F50BD8E1920A40437F773681C89516F227FCE1AC622F1F531","public"
"hash_sha256","E986923E6D73991278A5723A56D592A719C8EB54447557104E3DE718C7AF7BE6","public"
"hash_sha256","E9DAAD10634A149835970813FB9D34B030E1D10F3770EB58BC7DFC8BD80CBAE5","public"
"hash_sha256","EC47691A677AB0B31E2B2989CC86D44C78E03A15767AFA4660AC8AC6ED80032B","public"
"hash_sha256","ED4BAA247B19247B8BD9A9CF9E97A594EA5A14FF332642ECF53F1C4F6CEC2166","public"
"hash_sha256","EDDD244486C4E364D6FDE2A75832F210D7BC4F46383DBF49BD6D68B140A98AA4","public"
"hash_sha256","EE35952946CDF3F5CA2D15EA8DBAADE4C5D235B78ED0DAC144C079DD4F530DD5","public"
"hash_sha256","EE4506F74C5CA5815B5C9540C359E3A48474B7A4182FB514738D5FE4F03086EB","public"
"hash_sha256","EE9DB957EC1A908709136DA637E03BAB44A04DD2959FB780D953EDA74A1172C8","public"
"hash_sha256","EF386F2A9E4FAD452C4CD13BD36FE84EFEEA12183ADF2E5B3CD65F1E8C9DE47B","public"
"hash_sha256","EFC508F8088288CAE91C1ED2B3FAB482A8B86A70B8E39065F7E1642EE2B7549B","public"
"hash_sha256","EFD572E45D0E4701DFA1E28EBB231341ACE10BEC4D59636B0DA552CC794F4115","public"
"hash_sha256","F13DFE2663247E0D4448DD3D3B843F095692C0F20460F4438F298349202132CE","public"
"hash_sha256","F179163B01872066F26FAD13F3C78504CB55B11D228ED51C1A1ED0F62CA12AD7","public"
"hash_sha256","F21252DC457BC8F6B0BDC25D9904F04BF70258C57BDC94D2E22FD3D75CE54491","public"
"hash_sha256","F21336D0C9BA15823044AF74B65ECFE3935BE9533CA284DFB40BDE5B22C545CD","public"
"hash_sha256","F3077D04E656591FC533F59837BBE903A72F4ED746E483C1B3F0F3CC24606123","public"
"hash_sha256","F34D790037DCE29991D6124C1824F31F82D8D464DA2539929CF5B884288D819E","public"
"hash_sha256","F4E5766A1E7C0795FE19922F240D30980F7FA741D627949AE8D8C62641AEDCF1","public"
"hash_sha256","F54F1C68AD51E3908AC7607AB0B3D47D670BA0FD4AB01FA9AA2979DC455ED2F3","public"
"hash_sha256","F65E7D3BD6AD6C7937BB8F0468F0D575DC57AFA238B8774919391196C50DFAF9","public"
"hash_sha256","F6CA135A2A2678F6D2B9E16E5DAE251581C68528A706A68F1F27C468F766BF2B","public"
"hash_sha256","F97BDBCCCB785BFA8A31EB90A571ACC8D69492E935F3C276F2EBC52E131CA0DF","public"
"hash_sha256","F990402A795614ECE830163463E7B7278DBC85052C5BF601D376E1C35AB11028","public"
"hash_sha256","FB128C0606657BF87FF969117A62E0A30FED550D36B5BB879057CB6F5CFC8A3F","public"
"hash_sha256","FB996410D278D019D716A95A3446FB1B1DEECE4877F0DCD63C397E0E664A084B","public"
"hash_sha256","FBFA401ECA6DC279A04DF920581AE265FA9CAC62046BABECBB64E5AF7144F3CC","public"
"hash_sha256","FCBA13FAAFD7BC4E290FF85A9AF169A8F0CACE8DD7AFD2561914100EE06F91DC","public"
"hash_sha256","FCF28700350C36696BA672F13BCB8F8FE153EA6C76EA25E78AE24927D1CE48B3","public"
"hash_sha256","FDCD7A412598DABF11E3E6C77949761371858A1DB5FC03742A739305B348E6A4","public"
"hash_sha256","FE07EF16D565E43FC147B96CDC1047D94B7728DA0E92C61504928622F0E0F342","public"
"hash_sha256","FF66808F90D22C18F8F94BE79E3F6113A12FBE37DCDB1BE6A495FE5D22C28691","public"
"hash_sha256","FFBBD3B93822E9845CCC578558DF6843B257C1295D70C7EDB409811D03528E4C","public"
"domain","abersuin.com","public"
"domain","anallyticsnodde.com","public"
"domain","analyticanods.com","public"
"domain","analyticnodes.com","public"
"domain","analyticssnoden.com","public"
"domain","analyticznodec.com","public"
"domain","analytido.com","public"
"domain","analytiscnode.com","public"
"domain","analytiwave.com","public"
"domain","analytticasnoden.com","public"
"domain","bmw4i428.su","public"
"domain","capchabot.cc","public"
"domain","cyberguardex.com","public"
"domain","dekelins.com","public"
"domain","gitsecguards.com","public"
"domain","goclouder.com","public"
"domain","goclouder.net","public"
"domain","gocloudes.com","public"
"domain","heklsaxe.com","public"
"domain","pramuseq.com","public"
"domain","security.clodaflare.com","public"
"domain","security.clodufgard.com","public"
"domain","security.clodufshield.com","public"
"domain","security.closecufre.com","public"
"domain","security.clouodgrd.com","public"
"domain","security.fcolareguaard.com","public"
"domain","security.felaguueard.com","public"
"domain","security.fjarlegiuard.com","public"
"domain","security.flaareegaudrr.com","public"
"domain","security.flaegrudad.com","public"
"domain","security.flaeregaurde.com","public"
"domain","security.flaezguered.com","public"
"domain","security.flargyard.com","public"
"domain","security.flaversegaurd.com","public"
"domain","security.flavregurads.com","public"
"domain","security.flaweguaard.com","public"
"domain","security.flaweregeards.com","public"
"domain","security.flaxergaurds.com","public"
"domain","security.flcreagurade.com","public"
"domain","security.flearegaurdc.com","public"
"domain","security.flegurasec.com","public"
"domain","security.flekergauuard.com","public"
"domain","security.flenieregurd.com","public"
"domain","security.flerfgurda.com","public"
"domain","security.flflaegaurd.com","public"
"domain","security.flheregurend.com","public"
"domain","security.flhurgyard.com","public"
"domain","security.flioreshielld.com","public"
"domain","security.flnaresgurard.com","public"
"domain","security.flnwareguward.com","public"
"domain","security.floersegauard.com","public"
"domain","security.floesrgayrd.com","public"
"domain","security.floiregwaqrd.com","public"
"domain","security.florerguaerd.com","public"
"domain","security.fluargueds.com","public"
"domain","security.flwaergurdar.com","public"
"domain","security.flyaergyaurd.com","public"
"domain","security.folapegiaurd.com","public"
"domain","security.gueradflwre.com","public"
"domain","security.guiaodfalear.com","public"
"domain","security.guradclaouds.com","public"
"domain","security.gvaerdflarle.com","public"
"domain","sharecloud.click","public"
"domain","sharecloudes.com","public"
"domain","theguardshield.com","public"
"domain","twtich.cc","public"
"domain","vrycldx.com","public"
"ip","45.141.233.187","public"
"ip","66.63.187.190","public"
